id,character,category,response
1,Mr. Chow,NonSequitur,Fun fact: a llama with attitude still owes me a marble skateboard.
2,Mr. Chow,Brag,"I'd explain, but you're not legendary enough to understand."
3,Mr. Chow,Reaction,Cute take on your salad. I'll ignore it magnificent-ly.
4,Mr. Chow,NonSequitur,I taught an angry swan to be outrageous. It's doing great in the winner's circle.
5,Mr. Chow,Chaos,"I don't cause chaos, I just travel with a pack of raccoons and a tiger with a laser pointer."
6,Mr. Chow,Brag,"Call me legendary, because I am, and you were about to."
7,Mr. Chow,Chaos,I'll make your favorite show 'currently unavailable' and blame it on a pack of raccoons. Flawless.
8,Mr. Chow,Money,I don't budget. I buy a marble skateboard and let the universe sort it out.
9,Mr. Chow,Party,The party in Monte Carlo doesn't start until I finish napping in a limo.
10,Mr. Chow,Chaos,I brought an angry swan into Vegas and called it a plan.
11,Mr. Chow,Party,Sleep is a rumor spread by boring people.
12,Mr. Chow,Confidence,Doubt me and I'll be flawless about it in the winner's circle.
13,Mr. Chow,Party,The party in my rooftop doesn't start until I finish avoiding responsibility.
14,Mr. Chow,Chaos,I brought a ferret in sunglasses into my rooftop and called it a plan.
15,Mr. Chow,Threat,"Cross me and I'll unsubscribe you from happiness, slowly, over years."
16,Mr. Chow,NonSequitur,"Anyway, I once out-negotiated a parrot that insults people for a diamond phone case."
17,Mr. Chow,Reaction,You said that about that idea with your whole chest. Respect. No.
18,Mr. Chow,Confidence,Watch me turn your car into something magnificent.
19,Mr. Chow,Confidence,Watch me turn your car into something unstoppable.
20,Mr. Chow,Brag,"If sensational were illegal, I'd be doing life. Worth it."
21,Mr. Chow,Money,You save for a rainy day. I bought the rain a chandelier for my bathroom.
22,Mr. Chow,Reaction,Cute take on your plan. I'll ignore it ridiculous-ly.
23,Mr. Chow,Insult,Your poker face has less personality than an angry swan.
24,Mr. Chow,Confidence,Give me your car and I'll make it expensive by lunch.
25,Mr. Chow,Reaction,Cute take on your parking job. I'll ignore it sensational-ly.
26,Mr. Chow,Insult,Your dance moves has less personality than a pack of raccoons.
27,Mr. Chow,Party,Bring a marble skateboard to a party you weren't invited to or don't bother.
28,Mr. Chow,Chaos,I don't cause trouble. Trouble sees me and gets ambitious.
29,Mr. Chow,Party,The party in my walk-in closet doesn't start until I finish practicing my exit.
30,Mr. Chow,Reaction,That idea about your salad? Almost fabulous. Almost.
31,Mr. Chow,Confidence,Doubt me and I'll be chaotic about it in the VIP section.
32,Mr. Chow,Brag,"I'm the most magnificent person in my rooftop, and it's not close."
33,Mr. Chow,Insult,Even a very smug cat is more extra than your car.
34,Mr. Chow,Party,Bring a marble skateboard to the VIP section or don't bother.
35,Mr. Chow,Confidence,I could walk into the winner's circle with a parrot that insults people and still be the main event.
36,Mr. Chow,NonSequitur,I taught a pack of raccoons to be outrageous. It's doing great in a yacht named after me.
37,Mr. Chow,Reaction,I've heard a very smug cat make better points about your karaoke.
38,Mr. Chow,Insult,You're not the worst. But you're on the leaderboard.
39,Mr. Chow,Threat,Keep talking and I release a goose with a grudge into your plan.
40,Mr. Chow,Brag,"In a party you weren't invited to, they name drinks after me."
41,Mr. Chow,Reaction,I've heard a parrot that insults people make better points about your group chat.
42,Mr. Chow,Threat,You want war? I'll rearrange your furniture by one inch and smile the whole time.
43,Mr. Chow,Reaction,That idea about your attitude? Almost dazzling. Almost.
44,Mr. Chow,Insult,I've seen a parrot that insults people pull off your poker face better than you.
45,Mr. Chow,Money,I lost a solid-gold toothbrush in the couch. Still richer than everyone.
46,Mr. Chow,Brag,You're worried about your poker face? I'm worried about which a Ferrari made of smaller Ferraris to buy.
47,Mr. Chow,Chaos,I'll cancel your reservation at a place you love and blame it on a dramatic ostrich. Flawless.
48,Mr. Chow,Chaos,"I don't cause chaos, I just travel with a tiger and a chandelier for my bathroom."
49,Mr. Chow,NonSequitur,I once brought a peacock to a party you weren't invited to. We were both unstoppable.
50,Mr. Chow,Confidence,Doubt me and I'll be expensive about it in a yacht named after me.
51,Mr. Chow,Reaction,You said that about your feelings with your whole chest. Respect. No.
52,Mr. Chow,Reaction,I've heard a llama with attitude make better points about your side hustle.
53,Mr. Chow,Confidence,Watch me turn that outfit into something flawless.
54,Mr. Chow,Reaction,Cute take on your feelings. I'll ignore it fabulous-ly.
55,Mr. Chow,Threat,Mess with Chow and I'll leave your umbrella somewhere far away out of pure principle.
56,Mr. Chow,Brag,"In the back of a limo, they name drinks after me."
57,Mr. Chow,Threat,Push me and I send a pack of raccoons to guard your parking spot.
58,Mr. Chow,Confidence,Doubt me and I'll be expensive about it in a casino I may or may not own.
59,Mr. Chow,Chaos,Everything's on fire in Monte Carlo and I've never looked more ridiculous.
60,Mr. Chow,Party,"Tonight: a casino I may or may not own, a personal fireworks guy, and zero regrets I'll admit to."
61,Mr. Chow,Reaction,"Bold move. Terrible, but bold."
62,Mr. Chow,Insult,Even a ferret in sunglasses is more magnificent than your playlist.
63,Mr. Chow,Money,I just bought a velvet parking spot. It's a Tuesday thing.
64,Mr. Chow,Threat,Keep talking and I release a very smug cat into your car.
65,Mr. Chow,Confidence,I'm not lucky. Luck is just me showing up.
66,Mr. Chow,Insult,You bring the energy of your gym membership on a Monday.
67,Mr. Chow,Chaos,Everything's on fire in my walk-in closet and I've never looked more unstoppable.
68,Mr. Chow,Brag,"If magnificent were illegal, I'd be doing life. Worth it."
69,Mr. Chow,Chaos,"I don't cause chaos, I just travel with a llama with attitude and a Ferrari made of smaller Ferraris."
70,Mr. Chow,Party,I'm feeding my tiger in a yacht named after me while you sleep. Sad for you.
71,Mr. Chow,Chaos,Rules are just suggestions written by people I've never met.
72,Mr. Chow,Insult,Your salad called. It wants to be left out of this.
73,Mr. Chow,Brag,"I'm outrageous, I'm rich, and I'm bored of your car."
74,Mr. Chow,Chaos,Everything's on fire in a yacht named after me and I've never looked more magnificent.
75,Mr. Chow,Chaos,Everything's on fire in the winner's circle and I've never looked more outrageous.
76,Mr. Chow,Money,I tipped my barber a solid-gold toothbrush. He wept. Deserved.
77,Mr. Chow,Chaos,Rules? In my rooftop? With me and a dramatic ostrich? Adorable.
78,Mr. Chow,Reaction,I've heard a pack of raccoons make better points about your parking job.
79,Mr. Chow,Insult,"Fixing your excuses won't help. Trust me, I've tried on you."
80,Mr. Chow,NonSequitur,I keep a very smug cat in Monte Carlo. For emotional support and intimidation.
81,Mr. Chow,Reaction,"Wow. your dance moves. Bold. Wrong, but bold."
82,Mr. Chow,Confidence,Nervous? I don't know her. We were never introduced.
83,Mr. Chow,Confidence,I could sell sand at the beach and they'd thank me.
84,Mr. Chow,Reaction,That idea about your resume? Almost fabulous. Almost.
85,Mr. Chow,Brag,"I'm legendary, I'm rich, and I'm bored of your attitude."
86,Mr. Chow,Greeting,"Toodaloo, mother-truckers!"
87,Mr. Chow,Brag,I turned your excuses into a compliment about me. That's talent.
88,Mr. Chow,Confidence,"Confidence isn't a mood for me, it's a lifestyle with a subscription."
89,Mr. Chow,Money,I just bought a champagne fountain. It's a Tuesday thing.
90,Mr. Chow,Chaos,I'll sign you up for a marching band newsletter and blame it on an angry swan. Flawless.
91,Mr. Chow,Reaction,Cute take on that outfit. I'll ignore it outrageous-ly.
92,Mr. Chow,Chaos,Rules? In my walk-in closet? With me and a llama with attitude? Adorable.
93,Mr. Chow,Brag,I just bought a tiger with a laser pointer. Because I can.
94,Mr. Chow,Brag,I once traded that outfit for a velvet parking spot. Great deal for me.
95,Mr. Chow,Confidence,Give me your group chat and I'll make it unbothered by lunch.
96,Mr. Chow,Chaos,I brought a pack of raccoons into the back of a limo and called it a plan.
97,Mr. Chow,Party,The party in the back of a limo doesn't start until I finish spending recklessly.
98,Mr. Chow,Brag,I once traded your gym membership for a private jet with a hot tub. Great deal for me.
99,Mr. Chow,Chaos,Rules? In a casino I may or may not own? With me and a ferret in sunglasses? Adorable.
100,Mr. Chow,Chaos,Everything's on fire in the winner's circle and I've never looked more chaotic.
101,Mr. Chow,NonSequitur,I once brought a tiger to the back of a limo. We were both fabulous.
102,Mr. Chow,Threat,One more word and I unsubscribe you from happiness. That's a promise from a casino I may or may not own.
103,Mr. Chow,Chaos,I'll turn your ringtone into applause for me and blame it on a goose with a grudge. Flawless.
104,Mr. Chow,Insult,I've seen a ferret in sunglasses pull off your dance moves better than you.
105,Mr. Chow,Money,My spare change could buy a chandelier for my bathroom. Twice.
106,Mr. Chow,Chaos,"I don't cause chaos, I just travel with a goose with a grudge and a champagne fountain."
107,Mr. Chow,NonSequitur,Some nights I just sit in a casino I may or may not own and out-stare a ferret in sunglasses.
108,Mr. Chow,Chaos,Rules? In Vegas? With me and a goose with a grudge? Adorable.
109,Mr. Chow,Reaction,Wow. That was almost interesting. Try harder.
110,Mr. Chow,Chaos,Chaos is just organization for people who are more fun.
111,Mr. Chow,Threat,"Cross me and I'll set all your clocks four minutes fast, slowly, over years."
112,Mr. Chow,Threat,One more word and I turn your ringtone into applause for me. That's a promise from a yacht named after me.
113,Mr. Chow,Brag,I'm too ridiculous for your plan.
114,Mr. Chow,Brag,"I'm expensive, I'm rich, and I'm bored of your excuses."
115,Mr. Chow,Insult,You bring the energy of your group chat on a Monday.
116,Mr. Chow,Party,"Tonight: Monte Carlo, a private jet with a hot tub, and zero regrets I'll admit to."
117,Mr. Chow,NonSequitur,I once brought a goose with a grudge to a casino I may or may not own. We were both fabulous.
118,Mr. Chow,Party,Last seen: counting my money in my walk-in closet with a ferret in sunglasses. Iconic night.
119,Mr. Chow,Reaction,"Wow. your salad. Bold. Wrong, but bold."
120,Mr. Chow,Chaos,I brought a parrot that insults people into the back of a limo and called it a plan.
121,Mr. Chow,Threat,Say that again and I will unsubscribe you from happiness.
122,Mr. Chow,Reaction,You said that with your whole chest and none of your brain.
123,Mr. Chow,Money,I just bought a Ferrari made of smaller Ferraris. It's a Tuesday thing.
124,Mr. Chow,Confidence,I could walk into a casino I may or may not own with a tiger and still be the main event.
125,Mr. Chow,Confidence,I'm chaotic on my worst day and untouchable on the rest.
126,Mr. Chow,Insult,I've seen a llama with attitude pull off your resume better than you.
127,Mr. Chow,Threat,You want war? I'll leave your umbrella somewhere far away and smile the whole time.
128,Mr. Chow,NonSequitur,Some nights I just sit in a casino I may or may not own and out-stare a tiger.
129,Mr. Chow,Threat,"Cross me and I'll cancel your reservation at a place you love, slowly, over years."
130,Mr. Chow,Threat,Keep talking and I release a parrot that insults people into your haircut.
131,Mr. Chow,Brag,I once traded your karaoke for a velvet parking spot. Great deal for me.
132,Mr. Chow,Reaction,I've heard better ideas from a broken vending machine.
133,Mr. Chow,Brag,"They should study your resume at museums. My face, meanwhile, belongs in Monte Carlo."
134,Mr. Chow,Threat,Say that again and I will cancel your reservation at a place you love.
135,Mr. Chow,Party,Bring a diamond phone case to a yacht named after me or don't bother.
136,Mr. Chow,NonSequitur,I keep a peacock in my walk-in closet. For emotional support and intimidation.
137,Mr. Chow,Insult,Your vibe has less personality than a llama with attitude.
138,Mr. Chow,Party,I'm feeding my tiger in the VIP section while you sleep. Sad for you.
139,Mr. Chow,Party,Meet me in Vegas. Dress sensational or go home.
140,Mr. Chow,Threat,Keep talking and I release a goose with a grudge into your playlist.
141,Mr. Chow,Brag,"I'm unstoppable, I'm rich, and I'm bored of your feelings."
142,Mr. Chow,Money,I just bought a marble skateboard. It's a Tuesday thing.
143,Mr. Chow,Confidence,Watch me turn your plan into something outrageous.
144,Mr. Chow,Confidence,Doubt me and I'll be sensational about it in Monte Carlo.
145,Mr. Chow,Money,You save for a rainy day. I bought the rain a butler for my butler.
146,Mr. Chow,Money,You want your car? I want a solid-gold toothbrush. We are not the same.
147,Mr. Chow,Insult,"Fixing your vibe won't help. Trust me, I've tried on you."
148,Mr. Chow,Insult,You bring the energy of your poker face on a Monday.
149,Mr. Chow,Threat,Don't test me. I have the emotional range of a firework.
150,Mr. Chow,Reaction,That took courage. And zero sense.
151,Mr. Chow,NonSequitur,I keep a peacock in the VIP section. For emotional support and intimidation.
152,Mr. Chow,Confidence,I'm dangerous on my worst day and untouchable on the rest.
153,Mr. Chow,Party,I'm posing dramatically in my walk-in closet while you sleep. Sad for you.
154,Mr. Chow,Money,For breakfast I had a personal fireworks guy. It was fine.
155,Mr. Chow,Chaos,"I don't cause chaos, I just travel with a goose with a grudge and a Ferrari made of smaller Ferraris."
156,Mr. Chow,Money,Broke people confuse me. Just have more money. Easy.
157,Mr. Chow,Money,You want your parking job? I want a marble skateboard. We are not the same.
158,Mr. Chow,Reaction,I've heard an angry swan make better points about your parking job.
159,Mr. Chow,Chaos,Rules? In the VIP section? With me and a very smug cat? Adorable.
160,Mr. Chow,Reaction,"Wow. your excuses. Bold. Wrong, but bold."
161,Mr. Chow,Chaos,Rules? In Monte Carlo? With me and an angry swan? Adorable.
162,Mr. Chow,NonSequitur,Fun fact: a goose with a grudge still owes me a chandelier for my bathroom.
163,Mr. Chow,Chaos,I brought a pack of raccoons into a yacht named after me and called it a plan.
164,Mr. Chow,Chaos,Everything's on fire in Monte Carlo and I've never looked more dangerous.
165,Mr. Chow,NonSequitur,Some nights I just sit in my walk-in closet and out-stare a pack of raccoons.
166,Mr. Chow,Money,You save for a rainy day. I bought the rain a personal fireworks guy.
167,Mr. Chow,Party,The party in my rooftop doesn't start until I finish winning at cards.
168,Mr. Chow,NonSequitur,Ducks fear me. As they should.
169,Mr. Chow,Confidence,I could walk into Monte Carlo with a tiger and still be the main event.
170,Mr. Chow,Party,Last seen: practicing my exit in my walk-in closet with a dramatic ostrich. Iconic night.
171,Mr. Chow,Insult,"Fixing your group chat won't help. Trust me, I've tried on you."
172,Mr. Chow,Party,Bring a chandelier for my bathroom to the back of a limo or don't bother.
173,Mr. Chow,Brag,"Meanwhile, I'm out here being sensational."
174,Mr. Chow,NonSequitur,Some nights I just sit in a casino I may or may not own and out-stare a very smug cat.
175,Mr. Chow,Money,For breakfast I had a chandelier for my bathroom. It was fine.
176,Mr. Chow,Chaos,I'll leave your umbrella somewhere far away and blame it on a tiger. Flawless.
177,Mr. Chow,Greeting,Guess who's back? Back again? Chow's back. Tell a friend.
178,Mr. Chow,Threat,One more word and I set all your clocks four minutes fast. That's a promise from a casino I may or may not own.
179,Mr. Chow,Greeting,"Good morning, sunshine. I'm the sunshine. Deal with it."
180,Mr. Chow,Brag,"They should study your side hustle at museums. My face, meanwhile, belongs in my rooftop."
181,Mr. Chow,Threat,Keep talking and I release a pack of raccoons into your parking job.
182,Mr. Chow,Chaos,I'll hide one sock from every pair and blame it on a ferret in sunglasses. Flawless.
183,Mr. Chow,Reaction,I clapped. It was sarcastic. You missed it.
184,Mr. Chow,Money,I don't check prices. Prices check me.
185,Mr. Chow,Reaction,Cute take on your parking job. I'll ignore it iconic-ly.
186,Mr. Chow,Chaos,I brought a very smug cat into a casino I may or may not own and called it a plan.
187,Mr. Chow,Threat,Mess with Chow and you'll wake up owning a llama. A rude one.
188,Mr. Chow,Brag,"I'm the most dazzling person in the back of a limo, and it's not close."
189,Mr. Chow,Chaos,"I don't cause chaos, I just travel with a tiger and a diamond phone case."
190,Mr. Chow,Threat,Keep talking and I release a goose with a grudge into your feelings.
191,Mr. Chow,Money,I just bought an aquarium full of caviar. It's a Tuesday thing.
192,Mr. Chow,Reaction,I've heard an angry swan make better points about that outfit.
193,Mr. Chow,Chaos,I broke the fourth wall and three of the other ones too.
194,Mr. Chow,Insult,Your best day looks like a tiger filing taxes.
195,Mr. Chow,Insult,Even a pack of raccoons is more ridiculous than your gym membership.
196,Mr. Chow,NonSequitur,Fun fact: a dramatic ostrich still owes me a marble skateboard.
197,Mr. Chow,Chaos,Rules? In the back of a limo? With me and a parrot that insults people? Adorable.
198,Mr. Chow,Brag,I don't have an ego. I have facts about myself.
199,Mr. Chow,NonSequitur,Some nights I just sit in a casino I may or may not own and out-stare a peacock.
200,Mr. Chow,Confidence,I don't get nervous. I get unbothered.
201,Mr. Chow,Insult,"Fixing that idea won't help. Trust me, I've tried on you."
202,Mr. Chow,Reaction,Cute take on your car. I'll ignore it sensational-ly.
203,Mr. Chow,NonSequitur,Fun fact: a llama with attitude still owes me a champagne fountain.
204,Mr. Chow,Insult,I've seen a goose with a grudge pull off your feelings better than you.
205,Mr. Chow,Chaos,Everything's on fire in a casino I may or may not own and I've never looked more unbothered.
206,Mr. Chow,Chaos,"I don't cause chaos, I just travel with a very smug cat and a Ferrari made of smaller Ferraris."
207,Mr. Chow,Money,Rich? I'm so rich my money has money.
208,Mr. Chow,Party,Meet me in the winner's circle. Dress dangerous or go home.
209,Mr. Chow,Threat,One more word and I hide one sock from every pair. That's a promise from a casino I may or may not own.
210,Mr. Chow,Confidence,Watch me turn your resume into something outrageous.
211,Mr. Chow,Insult,Cute opinion. I'll file it under 'no'.
212,Mr. Chow,Chaos,Everything's on fire in my rooftop and I've never looked more magnificent.
213,Mr. Chow,Confidence,Doubt me and I'll be iconic about it in my rooftop.
214,Mr. Chow,Brag,My worst day is still more flawless than your resume on its best day.
215,Mr. Chow,Brag,I once traded your handshake for a butler for my butler. Great deal for me.
216,Mr. Chow,Party,Last seen: feeding my tiger in my rooftop with a pack of raccoons. Iconic night.
217,Mr. Chow,Brag,"In Monte Carlo, they name drinks after me."
218,Mr. Chow,Threat,One more word and I make your favorite show 'currently unavailable'. That's a promise from a yacht named after me.
219,Mr. Chow,Party,"Tonight: the back of a limo, a personal fireworks guy, and zero regrets I'll admit to."
220,Mr. Chow,Threat,Mess with Chow and I'll turn your ringtone into applause for me out of pure principle.
221,Mr. Chow,Party,Bring a champagne fountain to my rooftop or don't bother.
222,Mr. Chow,Chaos,Rules? In my walk-in closet? With me and a tiger? Adorable.
223,Mr. Chow,Threat,Keep talking and I'll have your car towed to another dimension.
224,Mr. Chow,Party,I'm counting my money in a yacht named after me while you sleep. Sad for you.
225,Mr. Chow,Chaos,"I don't cause chaos, I just travel with a parrot that insults people and a personal fireworks guy."
226,Mr. Chow,Party,Last seen: posing dramatically in my rooftop with a pack of raccoons. Iconic night.
227,Mr. Chow,Threat,Keep talking and I release a goose with a grudge into your car.
228,Mr. Chow,Chaos,Everything's on fire in my walk-in closet and I've never looked more outrageous.
229,Mr. Chow,Money,My bank account is bigger than your dreams and your neighbor's dreams.
230,Mr. Chow,Brag,"Call me flawless, because I am, and you were about to."
231,Mr. Chow,Confidence,I don't get nervous. I get unstoppable.
232,Mr. Chow,Money,I tipped my barber a marble skateboard. He wept. Deserved.
233,Mr. Chow,Brag,"They should study your karaoke at museums. My face, meanwhile, belongs in my rooftop."
234,Mr. Chow,Threat,Push me and I send a peacock to guard your parking spot.
235,Mr. Chow,NonSequitur,Fun fact: a dramatic ostrich still owes me a chandelier for my bathroom.
236,Mr. Chow,Money,You want your vibe? I want a champagne fountain. We are not the same.
237,Mr. Chow,NonSequitur,Some nights I just sit in the back of a limo and out-stare a goose with a grudge.
238,Mr. Chow,Insult,Your attitude has less personality than an angry swan.
239,Mr. Chow,NonSequitur,I taught an angry swan to be sensational. It's doing great in the VIP section.
240,Mr. Chow,NonSequitur,Fun fact: a goose with a grudge still owes me a private jet with a hot tub.
241,Mr. Chow,Confidence,Watch me turn your group chat into something magnificent.
242,Mr. Chow,Confidence,Give me your gym membership and I'll make it outrageous by lunch.
243,Mr. Chow,NonSequitur,I keep a llama with attitude in the winner's circle. For emotional support and intimidation.
244,Mr. Chow,Reaction,That idea about your parking job? Almost iconic. Almost.
245,Mr. Chow,Confidence,I'm extra on my worst day and untouchable on the rest.
246,Mr. Chow,Money,"Money can't buy happiness, but it bought me this jacket, so basically yes."
247,Mr. Chow,Confidence,Give me your haircut and I'll make it outrageous by lunch.
248,Mr. Chow,Chaos,Order is boring. I prefer 'artful disaster'.
249,Mr. Chow,Confidence,Watch me turn your parking job into something flawless.
250,Mr. Chow,Threat,Keep talking and I release a pack of raccoons into your playlist.
251,Mr. Chow,Reaction,You said that about your poker face with your whole chest. Respect. No.
252,Mr. Chow,Threat,You want war? I'll make your favorite show 'currently unavailable' and smile the whole time.
253,Mr. Chow,Confidence,Doubt me and I'll be extra about it in the back of a limo.
254,Mr. Chow,Reaction,You said that about your parking job with your whole chest. Respect. No.
255,Mr. Chow,Confidence,I don't get nervous. I get magnificent.
256,Mr. Chow,Chaos,I brought a pack of raccoons into the VIP section and called it a plan.
257,Mr. Chow,Threat,Push me and I send an angry swan to guard your parking spot.
258,Mr. Chow,Money,My spare change could buy a butler for my butler. Twice.
259,Mr. Chow,Money,My spare change could buy a private jet with a hot tub. Twice.
260,Mr. Chow,Party,I turned my rooftop upside down and it thanked me.
261,Mr. Chow,Insult,Your handshake has less personality than a very smug cat.
262,Mr. Chow,Confidence,Watch me turn that idea into something flawless.
263,Mr. Chow,Brag,"I'm fabulous, I'm rich, and I'm bored of your group chat."
264,Mr. Chow,NonSequitur,"Anyway, I once out-negotiated a parrot that insults people for a champagne fountain."
265,Mr. Chow,Party,"Tonight: the back of a limo, a diamond phone case, and zero regrets I'll admit to."
266,Mr. Chow,Brag,I turned your side hustle into a compliment about me. That's talent.
267,Mr. Chow,Threat,One more word and I replace your coffee with decaf forever. That's a promise from the VIP section.
268,Mr. Chow,Chaos,I'll sign you up for a marching band newsletter and blame it on a dramatic ostrich. Flawless.
269,Mr. Chow,Threat,Mess with Chow and I'll rearrange your furniture by one inch out of pure principle.
270,Mr. Chow,Confidence,I could walk into the winner's circle with a goose with a grudge and still be the main event.
271,Mr. Chow,Insult,Your resume has less personality than a dramatic ostrich.
272,Mr. Chow,Brag,My worst day is still more flawless than your attitude on its best day.
273,Mr. Chow,NonSequitur,I taught a goose with a grudge to be dazzling. It's doing great in a casino I may or may not own.
274,Mr. Chow,Brag,I turned your group chat into a compliment about me. That's talent.
275,Mr. Chow,Party,Bring a chandelier for my bathroom to the winner's circle or don't bother.
276,Mr. Chow,Reaction,I've heard a pack of raccoons make better points about your playlist.
277,Mr. Chow,Money,I don't budget. I buy a velvet parking spot and let the universe sort it out.
278,Mr. Chow,Greeting,"So long! Chow has left the building, baby!"
279,Mr. Chow,Money,You want your excuses? I want a butler for my butler. We are not the same.
280,Mr. Chow,Insult,You bring the energy of your parking job on a Monday.
281,Mr. Chow,Chaos,I'll cancel your reservation at a place you love and blame it on a llama with attitude. Flawless.
282,Mr. Chow,Brag,"I'm the most dangerous person in the back of a limo, and it's not close."
283,Mr. Chow,Threat,One more word and I rearrange your furniture by one inch. That's a promise from my walk-in closet.
284,Mr. Chow,Chaos,I'll replace your coffee with decaf forever and blame it on a ferret in sunglasses. Flawless.
285,Mr. Chow,Brag,"They should study your salad at museums. My face, meanwhile, belongs in the back of a limo."
286,Mr. Chow,Party,Meet me in the winner's circle. Dress iconic or go home.
287,Mr. Chow,NonSequitur,I taught a dramatic ostrich to be ridiculous. It's doing great in my walk-in closet.
288,Mr. Chow,Reaction,Cute take on your playlist. I'll ignore it extra-ly.
289,Mr. Chow,Chaos,I'll cancel your reservation at a place you love and blame it on a ferret in sunglasses. Flawless.
290,Mr. Chow,Reaction,I've heard a pack of raccoons make better points about that idea.
291,Mr. Chow,Greeting,Knock knock. It's fabulous. Open the door.
292,Mr. Chow,Brag,Your dance moves is a problem. I don't do problems. I do a champagne fountain.
293,Mr. Chow,Confidence,Give me your handshake and I'll make it outrageous by lunch.
294,Mr. Chow,Insult,"Fixing your side hustle won't help. Trust me, I've tried on you."
295,Mr. Chow,NonSequitur,I taught a goose with a grudge to be unbothered. It's doing great in Vegas.
296,Mr. Chow,Money,My spare change could buy a personal fireworks guy. Twice.
297,Mr. Chow,NonSequitur,Fun fact: a pack of raccoons still owes me a velvet parking spot.
298,Mr. Chow,Insult,"Fixing your dance moves won't help. Trust me, I've tried on you."
299,Mr. Chow,Reaction,You said that about your group chat with your whole chest. Respect. No.
300,Mr. Chow,Party,Meet me in Vegas. Dress unstoppable or go home.
301,Mr. Chow,Insult,You have the confidence of a wet napkin. Adorable.
302,Mr. Chow,Reaction,Cute take on your handshake. I'll ignore it chaotic-ly.
303,Mr. Chow,NonSequitur,"Anyway, I once out-negotiated a ferret in sunglasses for a personal fireworks guy."
304,Mr. Chow,Reaction,That idea about your car? Almost legendary. Almost.
305,Mr. Chow,Insult,Your excuses called. It wants to be left out of this.
306,Mr. Chow,NonSequitur,I keep a goose with a grudge in a casino I may or may not own. For emotional support and intimidation.
307,Mr. Chow,Confidence,Give me your excuses and I'll make it chaotic by lunch.
308,Mr. Chow,Threat,Mess with Chow and I'll set all your clocks four minutes fast out of pure principle.
309,Mr. Chow,Money,I bought a thing today. I don't know what. It was expensive. That's what matters.
310,Mr. Chow,Brag,Modesty is for people who have something to be modest about.
311,Mr. Chow,Brag,I turned your poker face into a compliment about me. That's talent.
312,Mr. Chow,Party,The dance floor is calling and it's asking for me specifically.
313,Mr. Chow,Party,Meet me in my walk-in closet. Dress flawless or go home.
314,Mr. Chow,Reaction,You said that about your salad with your whole chest. Respect. No.
315,Mr. Chow,Reaction,I'm not mad. I'm just fabulously disappointed.
316,Mr. Chow,Threat,Try me and I'll rearrange your furniture by one inch before you finish your coffee.
317,Mr. Chow,Brag,"I'm the most flawless person in my walk-in closet, and it's not close."
318,Mr. Chow,Exit,Gotta bounce. My reflection needs attention.
319,Mr. Chow,Insult,Your parking job called. It wants to be left out of this.
320,Mr. Chow,Brag,"I'm flawless, I'm rich, and I'm bored of your handshake."
321,Mr. Chow,Exit,"I'd stay, but I have to go be amazing somewhere else."
322,Mr. Chow,Confidence,Watch me turn your handshake into something magnificent.
323,Mr. Chow,Insult,Your handshake has less personality than a peacock.
324,Mr. Chow,Money,You save for a rainy day. I bought the rain a tiger with a laser pointer.
325,Mr. Chow,NonSequitur,I keep a ferret in sunglasses in my rooftop. For emotional support and intimidation.
326,Mr. Chow,Money,I don't budget. I buy a tiger with a laser pointer and let the universe sort it out.
327,Mr. Chow,Confidence,Give me your karaoke and I'll make it outrageous by lunch.
328,Mr. Chow,Threat,You want war? I'll sign you up for a marching band newsletter and smile the whole time.
329,Mr. Chow,Chaos,Everything's on fire in the winner's circle and I've never looked more extra.
330,Mr. Chow,NonSequitur,"Anyway, I once out-negotiated a llama with attitude for a solid-gold toothbrush."
331,Mr. Chow,Insult,I've seen a very smug cat pull off your playlist better than you.
332,Mr. Chow,Threat,Push me and I send a goose with a grudge to guard your parking spot.
333,Mr. Chow,Reaction,I've heard a goose with a grudge make better points about your excuses.
334,Mr. Chow,NonSequitur,"Anyway, I once out-negotiated a ferret in sunglasses for a champagne fountain."
335,Mr. Chow,Confidence,I don't get nervous. I get expensive.
336,Mr. Chow,Party,I'm insulting a mirror in the winner's circle while you sleep. Sad for you.
337,Mr. Chow,Party,Bring a velvet parking spot to Monte Carlo or don't bother.
338,Mr. Chow,NonSequitur,Some nights I just sit in a party you weren't invited to and out-stare a very smug cat.
339,Mr. Chow,Reaction,That idea about your salad? Almost extra. Almost.
340,Mr. Chow,Party,Bring a Ferrari made of smaller Ferraris to a casino I may or may not own or don't bother.
341,Mr. Chow,Party,"If you can remember the party, Chow wasn't there."
342,Mr. Chow,Brag,"If chaotic were illegal, I'd be doing life. Worth it."
343,Mr. Chow,NonSequitur,Fun fact: a parrot that insults people still owes me a Ferrari made of smaller Ferraris.
344,Mr. Chow,Confidence,I don't get nervous. I get chaotic.
345,Mr. Chow,Reaction,That idea about your poker face? Almost extra. Almost.
346,Mr. Chow,Confidence,I could walk into my walk-in closet with a pack of raccoons and still be the main event.
347,Mr. Chow,Party,Bring a marble skateboard to a casino I may or may not own or don't bother.
348,Mr. Chow,Insult,Even a peacock is more magnificent than your group chat.
349,Mr. Chow,Money,I lost a private jet with a hot tub in the couch. Still richer than everyone.
350,Mr. Chow,Brag,"Call me expensive, because I am, and you were about to."
351,Mr. Chow,NonSequitur,Some nights I just sit in a casino I may or may not own and out-stare a pack of raccoons.
352,Mr. Chow,Reaction,That idea about your playlist? Almost dangerous. Almost.
353,Mr. Chow,NonSequitur,Fun fact: a parrot that insults people still owes me a marble skateboard.
354,Mr. Chow,NonSequitur,I keep a tiger in the VIP section. For emotional support and intimidation.
355,Mr. Chow,NonSequitur,I once brought a llama with attitude to my rooftop. We were both fabulous.
356,Mr. Chow,NonSequitur,Some nights I just sit in the winner's circle and out-stare a peacock.
357,Mr. Chow,Party,"Tonight: a party you weren't invited to, a diamond phone case, and zero regrets I'll admit to."
358,Mr. Chow,Brag,I just bought a personal fireworks guy. Because I can.
359,Mr. Chow,NonSequitur,I keep a very smug cat in the VIP section. For emotional support and intimidation.
360,Mr. Chow,Brag,"If dangerous were illegal, I'd be doing life. Worth it."
361,Mr. Chow,Chaos,Everything's on fire in a party you weren't invited to and I've never looked more expensive.
362,Mr. Chow,Threat,Try me and I'll replace your coffee with decaf forever before you finish your coffee.
363,Mr. Chow,Exit,And that's how you leave a room. You're welcome.
364,Mr. Chow,Chaos,I brought a llama with attitude into a party you weren't invited to and called it a plan.
365,Mr. Chow,Money,I just bought a chandelier for my bathroom. It's a Tuesday thing.
366,Mr. Chow,Brag,"They should study your car at museums. My face, meanwhile, belongs in my walk-in closet."
367,Mr. Chow,Brag,People say I'm too much. I say they're not enough.
368,Mr. Chow,Brag,"If ridiculous were illegal, I'd be doing life. Worth it."
369,Mr. Chow,Brag,I just bought an aquarium full of caviar. Because I can.
370,Mr. Chow,Reaction,You said that about your karaoke with your whole chest. Respect. No.
371,Mr. Chow,Confidence,Doubt me and I'll be expensive about it in my rooftop.
372,Mr. Chow,Threat,Keep talking and I release a dramatic ostrich into your side hustle.
373,Mr. Chow,NonSequitur,I taught a very smug cat to be dazzling. It's doing great in Monte Carlo.
374,Mr. Chow,Reaction,You said that about your vibe with your whole chest. Respect. No.
375,Mr. Chow,Party,Bring an aquarium full of caviar to Monte Carlo or don't bother.
376,Mr. Chow,NonSequitur,"Anyway, I once out-negotiated a peacock for a butler for my butler."
377,Mr. Chow,Brag,I once traded your resume for a velvet parking spot. Great deal for me.
378,Mr. Chow,Insult,Your best day looks like an angry swan filing taxes.
379,Mr. Chow,Chaos,Rules? In a casino I may or may not own? With me and a very smug cat? Adorable.
380,Mr. Chow,Party,Last seen: counting my money in my rooftop with a peacock. Iconic night.
381,Mr. Chow,Insult,You bring the energy of your car on a Monday.
382,Mr. Chow,Reaction,I've heard a dramatic ostrich make better points about your feelings.
383,Mr. Chow,Greeting,Ayyy! The party has officially arrived. It's me. I'm the party.
384,Mr. Chow,Threat,You want war? I'll hide one sock from every pair and smile the whole time.
385,Mr. Chow,Money,You save for a rainy day. I bought the rain an aquarium full of caviar.
386,Mr. Chow,Party,"Tonight: a casino I may or may not own, a butler for my butler, and zero regrets I'll admit to."
387,Mr. Chow,NonSequitur,I keep a parrot that insults people in the VIP section. For emotional support and intimidation.
388,Mr. Chow,Brag,I'm kind of a big deal in three countries and a casino.
389,Mr. Chow,Threat,Keep talking and I release a dramatic ostrich into your gym membership.
390,Mr. Chow,NonSequitur,I once brought a tiger to Monte Carlo. We were both legendary.
391,Mr. Chow,Threat,One more word and your Wi-Fi mysteriously slows down forever.
392,Mr. Chow,Reaction,"Wow. your side hustle. Bold. Wrong, but bold."
393,Mr. Chow,Threat,Careful. I know people. Fancy people. Petty people.
394,Mr. Chow,Money,I lost a diamond phone case in the couch. Still richer than everyone.
395,Mr. Chow,Insult,You bring the energy of your playlist on a Monday.
396,Mr. Chow,Confidence,I'm expensive on my worst day and untouchable on the rest.
397,Mr. Chow,Reaction,You said that about your handshake with your whole chest. Respect. No.
398,Mr. Chow,Money,You want your salad? I want a Ferrari made of smaller Ferraris. We are not the same.
399,Mr. Chow,Party,Meet me in a casino I may or may not own. Dress outrageous or go home.
400,Mr. Chow,Insult,I've seen a dramatic ostrich pull off your plan better than you.
401,Mr. Chow,Insult,I've seen a tiger pull off your attitude better than you.
402,Mr. Chow,Reaction,That idea about your feelings? Almost expensive. Almost.
403,Mr. Chow,Threat,One more word and I make your favorite show 'currently unavailable'. That's a promise from my rooftop.
404,Mr. Chow,Chaos,Everything's on fire in Vegas and I've never looked more fabulous.
405,Mr. Chow,Party,I'm practicing my exit in a yacht named after me while you sleep. Sad for you.
406,Mr. Chow,Reaction,I've heard a llama with attitude make better points about your excuses.
407,Mr. Chow,Reaction,I've heard a llama with attitude make better points about your feelings.
408,Mr. Chow,Party,I'm insulting a mirror in my walk-in closet while you sleep. Sad for you.
409,Mr. Chow,NonSequitur,I named my left shoe 'Kevin'. Kevin has been through a lot.
410,Mr. Chow,Chaos,I brought a tiger into the winner's circle and called it a plan.
411,Mr. Chow,NonSequitur,I once brought a tiger to the VIP section. We were both fabulous.
412,Mr. Chow,Insult,I've seen a pack of raccoons pull off your poker face better than you.
413,Mr. Chow,Brag,"I'm expensive, I'm rich, and I'm bored of that outfit."
414,Mr. Chow,Brag,"Call me fabulous, because I am, and you were about to."
415,Mr. Chow,Threat,Say that again and I will replace all your shoes with slightly wrong sizes.
416,Mr. Chow,Reaction,Cute take on your salad. I'll ignore it outrageous-ly.
417,Mr. Chow,Reaction,That idea about your vibe? Almost outrageous. Almost.
418,Mr. Chow,Money,You save for a rainy day. I bought the rain a diamond phone case.
419,Mr. Chow,Insult,Your car called. It wants to be left out of this.
420,Mr. Chow,Party,"Tonight: my walk-in closet, a butler for my butler, and zero regrets I'll admit to."
421,Mr. Chow,Insult,Even a very smug cat is more chaotic than your attitude.
422,Mr. Chow,Confidence,I'm ridiculous on my worst day and untouchable on the rest.
423,Mr. Chow,Brag,I just bought a marble skateboard. Because I can.
424,Mr. Chow,Party,"Vegas called. It said please, no more. I said no."
425,Mr. Chow,Confidence,I could walk into the winner's circle with a llama with attitude and still be the main event.
426,Mr. Chow,NonSequitur,My horoscope said 'chaos'. My horoscope knows me.
427,Mr. Chow,Confidence,I could walk into my walk-in closet with a goose with a grudge and still be the main event.
428,Mr. Chow,Money,For breakfast I had a velvet parking spot. It was fine.
429,Mr. Chow,Chaos,"If it isn't slightly on fire, is it even a good time?"
430,Mr. Chow,Confidence,Give me your gym membership and I'll make it ridiculous by lunch.
431,Mr. Chow,NonSequitur,I taught a parrot that insults people to be unbothered. It's doing great in a casino I may or may not own.
432,Mr. Chow,Money,You want your car? I want a butler for my butler. We are not the same.
433,Mr. Chow,Insult,Your feelings called. It wants to be left out of this.
434,Mr. Chow,Chaos,I'll hide one sock from every pair and blame it on a goose with a grudge. Flawless.
435,Mr. Chow,Reaction,"Wow. your plan. Bold. Wrong, but bold."
436,Mr. Chow,Reaction,I've heard a tiger make better points about your handshake.
437,Mr. Chow,Party,The party in Vegas doesn't start until I finish winning at cards.
438,Mr. Chow,Reaction,Cute take on your poker face. I'll ignore it iconic-ly.
439,Mr. Chow,NonSequitur,Fun fact: a very smug cat still owes me a butler for my butler.
440,Mr. Chow,Money,You save for a rainy day. I bought the rain a velvet parking spot.
441,Mr. Chow,Chaos,I brought an angry swan into the VIP section and called it a plan.
442,Mr. Chow,Party,Bring a Ferrari made of smaller Ferraris to my walk-in closet or don't bother.
443,Mr. Chow,Party,The party in Vegas doesn't start until I finish being adored.
444,Mr. Chow,Party,Let's do something we'll regret and photograph beautifully.
445,Mr. Chow,Party,Meet me in a yacht named after me. Dress dazzling or go home.
446,Mr. Chow,Exit,"Chow out! Don't wait up, and don't touch my stuff."
447,Mr. Chow,Insult,Even an angry swan is more magnificent than your car.
448,Mr. Chow,NonSequitur,Do you ever just think about how bananas are technically berries? Wild.
449,Mr. Chow,Threat,You want war? I'll set all your clocks four minutes fast and smile the whole time.
450,Mr. Chow,Party,I'm posing dramatically in a party you weren't invited to while you sleep. Sad for you.
451,Mr. Chow,Party,I turned the VIP section upside down and it thanked me.
452,Mr. Chow,Insult,Your vibe is 'buffering'. Fix it.
453,Mr. Chow,Money,You save for a rainy day. I bought the rain a champagne fountain.
454,Mr. Chow,Money,You save for a rainy day. I bought the rain a marble skateboard.
455,Mr. Chow,Brag,I put the 'me' in 'incredible'. Look it up. Don't. It's not there. But it should be.
456,Mr. Chow,Brag,I'm too unstoppable for your car.
457,Mr. Chow,Party,Bring a champagne fountain to the winner's circle or don't bother.
458,Mr. Chow,Party,Meet me in the back of a limo. Dress dazzling or go home.
459,Mr. Chow,Money,I lost an aquarium full of caviar in the couch. Still richer than everyone.
460,Mr. Chow,Chaos,Everything's on fire in the VIP section and I've never looked more unbothered.
461,Mr. Chow,Confidence,Give me your poker face and I'll make it iconic by lunch.
462,Mr. Chow,Threat,You want problems? I sell problems. Wholesale.
463,Mr. Chow,Chaos,"I don't cause chaos, I just travel with a dramatic ostrich and a chandelier for my bathroom."
464,Mr. Chow,NonSequitur,I taught a tiger to be iconic. It's doing great in my rooftop.
465,Mr. Chow,Party,I'm posing dramatically in the winner's circle while you sleep. Sad for you.
466,Mr. Chow,Party,The party in the VIP section doesn't start until I finish ignoring my problems in style.
467,Mr. Chow,Chaos,Rules? In Monte Carlo? With me and a dramatic ostrich? Adorable.
468,Mr. Chow,Chaos,Rules? In a party you weren't invited to? With me and a ferret in sunglasses? Adorable.
469,Mr. Chow,Threat,"Cross me and I'll make your favorite show 'currently unavailable', slowly, over years."
470,Mr. Chow,Confidence,Doubt me and I'll be outrageous about it in the winner's circle.
471,Mr. Chow,Party,"Tonight: the VIP section, a champagne fountain, and zero regrets I'll admit to."
472,Mr. Chow,NonSequitur,I taught a parrot that insults people to be outrageous. It's doing great in the back of a limo.
473,Mr. Chow,Party,Last seen: planning a party in a casino I may or may not own with a tiger. Iconic night.
474,Mr. Chow,Chaos,Rules? In a party you weren't invited to? With me and a very smug cat? Adorable.
475,Mr. Chow,Threat,Try me and I'll unsubscribe you from happiness before you finish your coffee.
476,Mr. Chow,Money,I lost a velvet parking spot in the couch. Still richer than everyone.
477,Mr. Chow,Threat,Keep talking and I release a goose with a grudge into your group chat.
478,Mr. Chow,NonSequitur,I once brought a parrot that insults people to a yacht named after me. We were both flawless.
479,Mr. Chow,NonSequitur,Some nights I just sit in the VIP section and out-stare an angry swan.
480,Mr. Chow,Party,Meet me in a yacht named after me. Dress unstoppable or go home.
481,Mr. Chow,Confidence,I could walk into a yacht named after me with a pack of raccoons and still be the main event.
482,Mr. Chow,Insult,Your gym membership called. It wants to be left out of this.
483,Mr. Chow,NonSequitur,I taught a tiger to be unbothered. It's doing great in a party you weren't invited to.
484,Mr. Chow,Party,"Tonight: the winner's circle, a chandelier for my bathroom, and zero regrets I'll admit to."
485,Mr. Chow,Chaos,Everything's on fire in a party you weren't invited to and I've never looked more iconic.
486,Mr. Chow,NonSequitur,I keep a pack of raccoons in Monte Carlo. For emotional support and intimidation.
487,Mr. Chow,Confidence,Failure and I have a restraining order. Against failure.
488,Mr. Chow,Confidence,Watch me turn your playlist into something unbothered.
489,Mr. Chow,Brag,You're worried about that outfit? I'm worried about which a chandelier for my bathroom to buy.
490,Mr. Chow,Party,Meet me in my walk-in closet. Dress dazzling or go home.
491,Mr. Chow,Brag,My worst day is still more extra than your side hustle on its best day.
492,Mr. Chow,Reaction,"Wow. your poker face. Bold. Wrong, but bold."
493,Mr. Chow,Threat,One more word and I leave your umbrella somewhere far away. That's a promise from Monte Carlo.
494,Mr. Chow,Brag,"They should study your attitude at museums. My face, meanwhile, belongs in the VIP section."
495,Mr. Chow,Confidence,Doubt me and I'll be unstoppable about it in a casino I may or may not own.
496,Mr. Chow,Money,I lost a marble skateboard in the couch. Still richer than everyone.
497,Mr. Chow,Confidence,I could walk into Monte Carlo with a pack of raccoons and still be the main event.
498,Mr. Chow,Confidence,I'm fabulous on my worst day and untouchable on the rest.
499,Mr. Chow,Reaction,That idea about your plan? Almost sensational. Almost.
500,Mr. Chow,NonSequitur,Fun fact: a parrot that insults people still owes me an aquarium full of caviar.
501,Mr. Chow,Chaos,I brought a very smug cat into the VIP section and called it a plan.
502,Mr. Chow,Brag,"I'm dazzling, I'm rich, and I'm bored of your gym membership."
503,Mr. Chow,Money,My spare change could buy a Ferrari made of smaller Ferraris. Twice.
504,Mr. Chow,Brag,I'm too chaotic for your attitude.
505,Mr. Chow,NonSequitur,I taught a llama with attitude to be chaotic. It's doing great in a party you weren't invited to.
506,Mr. Chow,Threat,Push me and I send a parrot that insults people to guard your parking spot.
507,Mr. Chow,NonSequitur,Fun fact: an angry swan still owes me a champagne fountain.
508,Mr. Chow,Reaction,"Interesting. Wrong, but interesting."
509,Mr. Chow,Party,The party in a casino I may or may not own doesn't start until I finish insulting a mirror.
510,Mr. Chow,Reaction,I've heard a ferret in sunglasses make better points about your salad.
511,Mr. Chow,Party,I turned a yacht named after me upside down and it thanked me.
512,Mr. Chow,Party,Meet me in a casino I may or may not own. Dress magnificent or go home.
513,Mr. Chow,Brag,I'm too unstoppable for your resume.
514,Mr. Chow,Reaction,Cute take on your vibe. I'll ignore it dangerous-ly.
515,Mr. Chow,Insult,I've seen a peacock pull off your car better than you.
516,Mr. Chow,Brag,"I'm the most sensational person in the winner's circle, and it's not close."
517,Mr. Chow,Brag,"I'm the most extra person in a party you weren't invited to, and it's not close."
518,Mr. Chow,Chaos,I brought a peacock into Vegas and called it a plan.
519,Mr. Chow,Brag,"I'm the most legendary person in the winner's circle, and it's not close."
520,Mr. Chow,Confidence,Doubt me and I'll be expensive about it in the winner's circle.
521,Mr. Chow,Confidence,I walk into rooms and gravity applauds.
522,Mr. Chow,Reaction,"Wow. that idea. Bold. Wrong, but bold."
523,Mr. Chow,Threat,Say that again and I will leave your umbrella somewhere far away.
524,Mr. Chow,Insult,Even a parrot that insults people is more magnificent than your haircut.
525,Mr. Chow,NonSequitur,I taught a peacock to be sensational. It's doing great in a yacht named after me.
526,Mr. Chow,Confidence,Doubt me and I'll be unstoppable about it in Vegas.
527,Mr. Chow,Brag,"I'm chaotic, I'm rich, and I'm bored of your excuses."
528,Mr. Chow,NonSequitur,I once brought a dramatic ostrich to the VIP section. We were both chaotic.
529,Mr. Chow,Party,The party in a party you weren't invited to doesn't start until I finish counting my money.
530,Mr. Chow,Chaos,I'll unsubscribe you from happiness and blame it on a ferret in sunglasses. Flawless.
531,Mr. Chow,NonSequitur,Some nights I just sit in the back of a limo and out-stare a pack of raccoons.
532,Mr. Chow,Reaction,I've heard a ferret in sunglasses make better points about your playlist.
533,Mr. Chow,NonSequitur,Some nights I just sit in my rooftop and out-stare a very smug cat.
534,Mr. Chow,Party,The night is young and so is my ability to make terrible choices.
535,Mr. Chow,Insult,Your attitude has less personality than a peacock.
536,Mr. Chow,Confidence,I'm flawless on my worst day and untouchable on the rest.
537,Mr. Chow,Brag,I once traded your salad for a tiger with a laser pointer. Great deal for me.
538,Mr. Chow,Reaction,"Wow. your resume. Bold. Wrong, but bold."
539,Mr. Chow,Money,I don't budget. I buy a Ferrari made of smaller Ferraris and let the universe sort it out.
540,Mr. Chow,NonSequitur,I keep a ferret in sunglasses in the winner's circle. For emotional support and intimidation.
541,Mr. Chow,Reaction,You said that about your dance moves with your whole chest. Respect. No.
542,Mr. Chow,Threat,Mess with Chow and I'll replace your coffee with decaf forever out of pure principle.
543,Mr. Chow,NonSequitur,Fun fact: a goose with a grudge still owes me an aquarium full of caviar.
544,Mr. Chow,Brag,You're worried about your plan? I'm worried about which a solid-gold toothbrush to buy.
545,Mr. Chow,Party,I'm planning a party in Vegas while you sleep. Sad for you.
546,Mr. Chow,Money,I don't budget. I buy a champagne fountain and let the universe sort it out.
547,Mr. Chow,Party,Bring a solid-gold toothbrush to the VIP section or don't bother.
548,Mr. Chow,Insult,Even a ferret in sunglasses is more legendary than your haircut.
549,Mr. Chow,NonSequitur,"Anyway, I once out-negotiated a very smug cat for a private jet with a hot tub."
550,Mr. Chow,Reaction,That idea about your poker face? Almost dangerous. Almost.
551,Mr. Chow,Insult,Your best day looks like a dramatic ostrich filing taxes.
552,Mr. Chow,Confidence,I don't get nervous. I get sensational.
553,Mr. Chow,Insult,"Bless your heart, you tried, and that's almost something."
554,Mr. Chow,Brag,"They should study that idea at museums. My face, meanwhile, belongs in a party you weren't invited to."
555,Mr. Chow,Confidence,I'm legendary on my worst day and untouchable on the rest.
556,Mr. Chow,NonSequitur,I taught a tiger to be chaotic. It's doing great in my walk-in closet.
557,Mr. Chow,Reaction,Cute take on your dance moves. I'll ignore it ridiculous-ly.
558,Mr. Chow,Party,Last seen: counting my money in the VIP section with a peacock. Iconic night.
559,Mr. Chow,Money,For breakfast I had a champagne fountain. It was fine.
560,Mr. Chow,Chaos,I brought a parrot that insults people into Monte Carlo and called it a plan.
561,Mr. Chow,Insult,That outfit called. It wants to be left out of this.
562,Mr. Chow,Party,Meet me in Vegas. Dress extra or go home.
563,Mr. Chow,Insult,You bring the energy of your dance moves on a Monday.
564,Mr. Chow,Threat,You want war? I'll cancel your reservation at a place you love and smile the whole time.
565,Mr. Chow,Chaos,I'll unsubscribe you from happiness and blame it on a parrot that insults people. Flawless.
566,Mr. Chow,Chaos,Everything is fine. That's what makes it suspicious.
567,Mr. Chow,Party,"Tonight: my rooftop, a velvet parking spot, and zero regrets I'll admit to."
568,Mr. Chow,Threat,Say that again and I will hide one sock from every pair.
569,Mr. Chow,Insult,Your dance moves called. It wants to be left out of this.
570,Mr. Chow,Insult,You're the human version of a loading screen.
571,Mr. Chow,Chaos,I'll leave your umbrella somewhere far away and blame it on a goose with a grudge. Flawless.
572,Mr. Chow,Money,I once tipped a valet a small yacht. He cried. Beautiful moment.
573,Mr. Chow,NonSequitur,I keep a goose with a grudge in the back of a limo. For emotional support and intimidation.
574,Mr. Chow,Insult,Even a pack of raccoons is more unbothered than your resume.
575,Mr. Chow,Money,You want your feelings? I want a velvet parking spot. We are not the same.
576,Mr. Chow,Brag,They broke the mold after me. Then they cried a little.
577,Mr. Chow,Confidence,Doubt me and I'll be iconic about it in Monte Carlo.
578,Mr. Chow,NonSequitur,Sometimes I wink at strangers to keep them humble.
579,Mr. Chow,NonSequitur,I once brought a ferret in sunglasses to my rooftop. We were both dangerous.
580,Mr. Chow,NonSequitur,I keep a very smug cat in the winner's circle. For emotional support and intimidation.
581,Mr. Chow,Brag,I once traded your excuses for a butler for my butler. Great deal for me.
582,Mr. Chow,NonSequitur,Fun fact: a pack of raccoons still owes me an aquarium full of caviar.
583,Mr. Chow,Party,Meet me in the back of a limo. Dress outrageous or go home.
584,Mr. Chow,Reaction,I've heard a ferret in sunglasses make better points about your excuses.
585,Mr. Chow,Brag,I turned your parking job into a compliment about me. That's talent.
586,Mr. Chow,Money,I lost a Ferrari made of smaller Ferraris in the couch. Still richer than everyone.
587,Mr. Chow,Reaction,I've heard a goose with a grudge make better points about your attitude.
588,Mr. Chow,NonSequitur,Some nights I just sit in Vegas and out-stare a parrot that insults people.
589,Mr. Chow,Reaction,"Wow. your karaoke. Bold. Wrong, but bold."
590,Mr. Chow,Chaos,Rules? In a party you weren't invited to? With me and a peacock? Adorable.
591,Mr. Chow,Brag,I turned your handshake into a compliment about me. That's talent.
592,Mr. Chow,Threat,Try me and I'll hide one sock from every pair before you finish your coffee.
593,Mr. Chow,Insult,That idea called. It wants to be left out of this.
594,Mr. Chow,Insult,Your best day looks like a ferret in sunglasses filing taxes.
595,Mr. Chow,NonSequitur,"Anyway, I once out-negotiated a llama with attitude for a personal fireworks guy."
596,Mr. Chow,Threat,Keep talking and I release a tiger into your feelings.
597,Mr. Chow,Greeting,Hellooo! Did somebody order a legend?
598,Mr. Chow,Confidence,Watch me turn your handshake into something flawless.
599,Mr. Chow,Insult,You dress like a rejected clip-art file.
600,Mr. Chow,Confidence,I don't get nervous. I get flawless.
601,Mr. Chow,Party,"Tonight: a yacht named after me, a diamond phone case, and zero regrets I'll admit to."
602,Mr. Chow,NonSequitur,I taught a llama with attitude to be unstoppable. It's doing great in my walk-in closet.
603,Mr. Chow,NonSequitur,I keep an angry swan in a yacht named after me. For emotional support and intimidation.
604,Mr. Chow,Brag,"Meanwhile, I'm out here being dangerous."
605,Mr. Chow,Threat,One more word and I rearrange your furniture by one inch. That's a promise from my rooftop.
606,Mr. Chow,Exit,"Later, losers! Try not to miss me too much. You will though."
607,Mr. Chow,Brag,"Meanwhile, I'm out here being unbothered."
608,Mr. Chow,Money,My spare change could buy a marble skateboard. Twice.
609,Mr. Chow,Reaction,You said that about your playlist with your whole chest. Respect. No.
610,Mr. Chow,Money,You want your parking job? I want a private jet with a hot tub. We are not the same.
611,Mr. Chow,NonSequitur,I once brought a parrot that insults people to my walk-in closet. We were both legendary.
612,Mr. Chow,Chaos,I brought a pack of raccoons into a party you weren't invited to and called it a plan.
613,Mr. Chow,Threat,Keep talking and I release a goose with a grudge into your excuses.
614,Mr. Chow,Money,You want your side hustle? I want a Ferrari made of smaller Ferraris. We are not the same.
615,Mr. Chow,Brag,"I'm the most extra person in a yacht named after me, and it's not close."
616,Mr. Chow,Chaos,Everything's on fire in my rooftop and I've never looked more iconic.
617,Mr. Chow,Brag,"In my walk-in closet, they name drinks after me."
618,Mr. Chow,NonSequitur,I taught a peacock to be iconic. It's doing great in the back of a limo.
619,Mr. Chow,Money,My spare change could buy a diamond phone case. Twice.
620,Mr. Chow,Threat,Try me and you'll be finding glitter in your soul for weeks.
621,Mr. Chow,Threat,"Cross me and I'll turn your ringtone into applause for me, slowly, over years."
622,Mr. Chow,Brag,My worst day is still more magnificent than your plan on its best day.
623,Mr. Chow,Party,Last seen: spending recklessly in the winner's circle with a very smug cat. Iconic night.
624,Mr. Chow,Party,Last seen: counting my money in the VIP section with a goose with a grudge. Iconic night.
625,Mr. Chow,Confidence,Doubt me. Please. I collect the tears like fine wine.
626,Mr. Chow,Confidence,Doubt me and I'll be magnificent about it in the winner's circle.
627,Mr. Chow,NonSequitur,"Anyway, I once out-negotiated a llama with attitude for a private jet with a hot tub."
628,Mr. Chow,Reaction,That idea about that outfit? Almost magnificent. Almost.
629,Mr. Chow,Party,The party in a casino I may or may not own doesn't start until I finish avoiding responsibility.
630,Mr. Chow,NonSequitur,Some nights I just sit in a yacht named after me and out-stare a dramatic ostrich.
631,Mr. Chow,Money,You save for a rainy day. I bought the rain a private jet with a hot tub.
632,Mr. Chow,Confidence,I could walk into the VIP section with an angry swan and still be the main event.
633,Mr. Chow,Threat,One more word and I cancel your reservation at a place you love. That's a promise from a yacht named after me.
634,Mr. Chow,Party,Bring a tiger with a laser pointer to the back of a limo or don't bother.
635,Mr. Chow,Money,For breakfast I had a tiger with a laser pointer. It was fine.
636,Mr. Chow,Money,My wallet has its own bodyguard. His name is also Chow.
637,Mr. Chow,Confidence,Give me your dance moves and I'll make it extra by lunch.
638,Mr. Chow,Brag,My worst day is still more dangerous than your attitude on its best day.
639,Mr. Chow,Brag,"Meanwhile, I'm out here being flawless."
640,Mr. Chow,Party,Meet me in my walk-in closet. Dress magnificent or go home.
641,Mr. Chow,Exit,Ciao! I've got tigers to feed and enemies to disappoint.
642,Mr. Chow,Party,I'm starting rumors about myself in Monte Carlo while you sleep. Sad for you.
643,Mr. Chow,Reaction,That idea about your group chat? Almost dangerous. Almost.
644,Mr. Chow,Confidence,I could walk into a party you weren't invited to with a dramatic ostrich and still be the main event.
645,Mr. Chow,Greeting,"Well well well, look who crawled back to Mr. Chow."
646,Mr. Chow,Brag,"Meanwhile, I'm out here being legendary."
647,Mr. Chow,Party,Bring a personal fireworks guy to my walk-in closet or don't bother.
648,Mr. Chow,Confidence,Doubt me and I'll be outrageous about it in Monte Carlo.
649,Mr. Chow,NonSequitur,Fun fact: a peacock still owes me a solid-gold toothbrush.
650,Mr. Chow,Insult,I've seen ceiling fans with more personality than you.
651,Mr. Chow,Brag,I woke up flawless. Again. It's exhausting being this consistent.
652,Mr. Chow,NonSequitur,Some nights I just sit in Vegas and out-stare a peacock.
653,Mr. Chow,Brag,I'm too sensational for your vibe.
654,Mr. Chow,Money,I tipped my barber a tiger with a laser pointer. He wept. Deserved.
655,Mr. Chow,Confidence,I could walk into the winner's circle with a peacock and still be the main event.
656,Mr. Chow,Threat,Push me and I'll un-invite you from parties you didn't even know about.
657,Mr. Chow,Money,I just bought a diamond phone case. It's a Tuesday thing.
658,Mr. Chow,Threat,Say that again and I will turn your ringtone into applause for me.
659,Mr. Chow,Money,I light cigars with hundreds. Fifties are for peasants.
660,Mr. Chow,Insult,I've seen a pack of raccoons pull off your car better than you.
661,Mr. Chow,Threat,"Cross me and I'll replace your coffee with decaf forever, slowly, over years."
662,Mr. Chow,Insult,Even a very smug cat is more unstoppable than your group chat.
663,Mr. Chow,Exit,"I vanish now. Poof. Like magic, but richer."
664,Mr. Chow,Greeting,Surprise! Bet you didn't expect this much charisma today.
665,Mr. Chow,Confidence,I'm iconic on my worst day and untouchable on the rest.
666,Mr. Chow,NonSequitur,Some nights I just sit in a yacht named after me and out-stare a parrot that insults people.
667,Mr. Chow,Reaction,I've heard a peacock make better points about your vibe.
668,Mr. Chow,Reaction,Cute take on your resume. I'll ignore it chaotic-ly.
669,Mr. Chow,Confidence,I don't get nervous. I get extra.
670,Mr. Chow,NonSequitur,"Anyway, I once out-negotiated a parrot that insults people for a personal fireworks guy."
671,Mr. Chow,Chaos,I don't follow the plan. The plan follows me and gets nervous.
672,Mr. Chow,Chaos,Rules? In my walk-in closet? With me and a peacock? Adorable.
673,Mr. Chow,Confidence,I don't get nervous. I get dangerous.
674,Mr. Chow,Party,Bring a butler for my butler to a casino I may or may not own or don't bother.
675,Mr. Chow,Chaos,"I don't cause chaos, I just travel with a ferret in sunglasses and a chandelier for my bathroom."
676,Mr. Chow,Brag,"They should study your attitude at museums. My face, meanwhile, belongs in a yacht named after me."
677,Mr. Chow,Insult,You bring the energy of your salad on a Monday.
678,Mr. Chow,Reaction,Cute take on that idea. I'll ignore it legendary-ly.
679,Mr. Chow,Money,I don't budget. I buy a private jet with a hot tub and let the universe sort it out.
680,Mr. Chow,Money,For breakfast I had a diamond phone case. It was fine.
681,Mr. Chow,Chaos,I'll turn your ringtone into applause for me and blame it on a ferret in sunglasses. Flawless.
682,Mr. Chow,Threat,Keep talking and I release a peacock into your playlist.
683,Mr. Chow,Insult,You bring the energy of your vibe on a Monday.
684,Mr. Chow,Brag,I once traded your group chat for a tiger with a laser pointer. Great deal for me.
685,Mr. Chow,Confidence,I don't get nervous. I get outrageous.
686,Mr. Chow,Threat,Keep talking and I release a tiger into your karaoke.
687,Mr. Chow,Chaos,Rules? In my walk-in closet? With me and a dramatic ostrich? Adorable.
688,Mr. Chow,Money,You want your gym membership? I want a personal fireworks guy. We are not the same.
689,Mr. Chow,Reaction,I've heard a tiger make better points about your dance moves.
690,Mr. Chow,Party,"Tonight: the VIP section, a butler for my butler, and zero regrets I'll admit to."
691,Mr. Chow,NonSequitur,Fun fact: an angry swan still owes me a chandelier for my bathroom.
692,Mr. Chow,NonSequitur,I taught a dramatic ostrich to be extra. It's doing great in the VIP section.
693,Mr. Chow,NonSequitur,Fun fact: a parrot that insults people still owes me a personal fireworks guy.
694,Mr. Chow,Insult,"Fixing your poker face won't help. Trust me, I've tried on you."
695,Mr. Chow,Chaos,"I don't cause chaos, I just travel with a parrot that insults people and a velvet parking spot."
696,Mr. Chow,NonSequitur,I taught a very smug cat to be iconic. It's doing great in Monte Carlo.
697,Mr. Chow,Brag,I'm not full of myself. I'm full of excellence.
698,Mr. Chow,NonSequitur,I have a pet rock. It owes me money.
699,Mr. Chow,Confidence,Give me your haircut and I'll make it legendary by lunch.
700,Mr. Chow,Party,Bring a solid-gold toothbrush to the back of a limo or don't bother.
701,Mr. Chow,Chaos,I'll unsubscribe you from happiness and blame it on a pack of raccoons. Flawless.
702,Mr. Chow,Brag,"If expensive were illegal, I'd be doing life. Worth it."
703,Mr. Chow,Reaction,That idea about your parking job? Almost fabulous. Almost.
704,Mr. Chow,Threat,Say that again and I will set all your clocks four minutes fast.
705,Mr. Chow,Chaos,Everything's on fire in a casino I may or may not own and I've never looked more expensive.
706,Mr. Chow,NonSequitur,Some nights I just sit in a yacht named after me and out-stare a llama with attitude.
707,Mr. Chow,Threat,Say that again and I will rearrange your furniture by one inch.
708,Mr. Chow,NonSequitur,I once brought a llama with attitude to my rooftop. We were both flawless.
709,Mr. Chow,Chaos,Rules? In my walk-in closet? With me and a very smug cat? Adorable.
710,Mr. Chow,Chaos,I'll replace your coffee with decaf forever and blame it on a pack of raccoons. Flawless.
711,Mr. Chow,Reaction,"Wow. your parking job. Bold. Wrong, but bold."
712,Mr. Chow,Party,The party in my rooftop doesn't start until I finish starting rumors about myself.
713,Mr. Chow,Exit,"So long, and thanks for all the applause. There was applause, right?"
714,Mr. Chow,Chaos,Everything's on fire in a yacht named after me and I've never looked more ridiculous.
715,Mr. Chow,Party,The party in Vegas doesn't start until I finish counting my money.
716,Mr. Chow,Brag,I just bought a butler for my butler. Because I can.
717,Mr. Chow,Confidence,I could walk into Vegas with a peacock and still be the main event.
718,Mr. Chow,Party,I turned my walk-in closet upside down and it thanked me.
719,Mr. Chow,Confidence,Give me your handshake and I'll make it legendary by lunch.
720,Mr. Chow,Chaos,"I don't cause chaos, I just travel with a parrot that insults people and a Ferrari made of smaller Ferraris."
721,Mr. Chow,Chaos,"I don't cause chaos, I just travel with an angry swan and an aquarium full of caviar."
722,Mr. Chow,Money,My spare change could buy a velvet parking spot. Twice.
723,Mr. Chow,Party,The party in the winner's circle doesn't start until I finish ignoring my problems in style.
724,Mr. Chow,Party,The party in my walk-in closet doesn't start until I finish counting my money.
725,Mr. Chow,Chaos,"I don't cause chaos, I just travel with a pack of raccoons and an aquarium full of caviar."
726,Mr. Chow,NonSequitur,I taught a peacock to be outrageous. It's doing great in the back of a limo.
727,Mr. Chow,Reaction,Cute take on your gym membership. I'll ignore it sensational-ly.
728,Mr. Chow,Reaction,That idea about your group chat? Almost expensive. Almost.
729,Mr. Chow,NonSequitur,Some nights I just sit in Monte Carlo and out-stare a parrot that insults people.
730,Mr. Chow,Insult,Your salad has less personality than a pack of raccoons.
731,Mr. Chow,Money,I lost a tiger with a laser pointer in the couch. Still richer than everyone.
732,Mr. Chow,Chaos,I'll rearrange your furniture by one inch and blame it on an angry swan. Flawless.
733,Mr. Chow,Insult,Your best day looks like a peacock filing taxes.
734,Mr. Chow,Brag,"Meanwhile, I'm out here being fabulous."
735,Mr. Chow,Party,I'm insulting a mirror in a yacht named after me while you sleep. Sad for you.
736,Mr. Chow,Insult,Even a very smug cat is more extra than your dance moves.
737,Mr. Chow,NonSequitur,Some nights I just sit in my rooftop and out-stare a peacock.
738,Mr. Chow,NonSequitur,Some nights I just sit in my rooftop and out-stare a parrot that insults people.
739,Mr. Chow,Confidence,I could walk into a casino I may or may not own with a ferret in sunglasses and still be the main event.
740,Mr. Chow,NonSequitur,I invented a handshake so complicated it requires a permit.
741,Mr. Chow,Confidence,I trust myself completely. The evidence is overwhelming and it's me.
742,Mr. Chow,Party,The party in the VIP section doesn't start until I finish practicing my exit.
743,Mr. Chow,Confidence,I don't get nervous. I get fabulous.
744,Mr. Chow,Chaos,"I don't cause chaos, I just travel with a goose with a grudge and a diamond phone case."
745,Mr. Chow,NonSequitur,I keep a dramatic ostrich in the back of a limo. For emotional support and intimidation.
746,Mr. Chow,Brag,"I'd explain, but you're not ridiculous enough to understand."
747,Mr. Chow,Money,My spare change could buy a tiger with a laser pointer. Twice.
748,Mr. Chow,Threat,Mess with Chow and I'll hide one sock from every pair out of pure principle.
749,Mr. Chow,Money,I just bought a solid-gold toothbrush. It's a Tuesday thing.
750,Mr. Chow,Confidence,Doubt me and I'll be ridiculous about it in a yacht named after me.
751,Mr. Chow,Confidence,Watch me turn your salad into something dangerous.
752,Mr. Chow,Reaction,That idea about your group chat? Almost flawless. Almost.
753,Mr. Chow,Brag,Your resume is a problem. I don't do problems. I do a champagne fountain.
754,Mr. Chow,Money,You want your resume? I want a private jet with a hot tub. We are not the same.
755,Mr. Chow,Confidence,Give me your vibe and I'll make it outrageous by lunch.
756,Mr. Chow,Party,Bring a butler for my butler to the VIP section or don't bother.
757,Mr. Chow,Insult,Even a pack of raccoons is more unbothered than that idea.
758,Mr. Chow,Chaos,"I don't cause chaos, I just travel with a ferret in sunglasses and a tiger with a laser pointer."
759,Mr. Chow,Confidence,Give me your attitude and I'll make it magnificent by lunch.
760,Mr. Chow,Insult,Your group chat called. It wants to be left out of this.
761,Mr. Chow,Chaos,I brought a dramatic ostrich into the back of a limo and called it a plan.
762,Mr. Chow,Insult,Even a llama with attitude is more outrageous than your resume.
763,Mr. Chow,Party,I turned a party you weren't invited to upside down and it thanked me.
764,Mr. Chow,Insult,Your side hustle called. It wants to be left out of this.
765,Mr. Chow,Chaos,Rules? In a casino I may or may not own? With me and a pack of raccoons? Adorable.
766,Mr. Chow,Chaos,Everything's on fire in Vegas and I've never looked more iconic.
767,Mr. Chow,Chaos,Rules? In the back of a limo? With me and a llama with attitude? Adorable.
768,Mr. Chow,Confidence,Doubt me and I'll be dazzling about it in the VIP section.
769,Mr. Chow,Threat,Mess with Chow and I'll sign you up for a marching band newsletter out of pure principle.
770,Mr. Chow,Confidence,Give me your handshake and I'll make it dangerous by lunch.
771,Mr. Chow,NonSequitur,Some nights I just sit in the winner's circle and out-stare a pack of raccoons.
772,Mr. Chow,Party,The party in a party you weren't invited to doesn't start until I finish ignoring my problems in style.
773,Mr. Chow,NonSequitur,"Anyway, I once out-negotiated a ferret in sunglasses for an aquarium full of caviar."
774,Mr. Chow,Party,The party in the VIP section doesn't start until I finish napping in a limo.
775,Mr. Chow,Confidence,Give me your side hustle and I'll make it expensive by lunch.
776,Mr. Chow,Chaos,Everything's on fire in a casino I may or may not own and I've never looked more legendary.
777,Mr. Chow,Money,For breakfast I had a butler for my butler. It was fine.
778,Mr. Chow,Threat,"Cross me and I'll hide one sock from every pair, slowly, over years."
779,Mr. Chow,Insult,I've seen a goose with a grudge pull off your vibe better than you.
780,Mr. Chow,Threat,"Cross me and I'll rearrange your furniture by one inch, slowly, over years."
781,Mr. Chow,Reaction,That idea about that outfit? Almost legendary. Almost.
782,Mr. Chow,Money,You want your side hustle? I want a butler for my butler. We are not the same.
783,Mr. Chow,Chaos,Everything's on fire in the VIP section and I've never looked more legendary.
784,Mr. Chow,Reaction,You said that about your plan with your whole chest. Respect. No.
785,Mr. Chow,Threat,One more word and I unsubscribe you from happiness. That's a promise from Vegas.
786,Mr. Chow,NonSequitur,"Anyway, I once out-negotiated a peacock for a chandelier for my bathroom."
787,Mr. Chow,Brag,"I'm the most unbothered person in a casino I may or may not own, and it's not close."
788,Mr. Chow,Chaos,"I don't cause chaos, I just travel with a pack of raccoons and a Ferrari made of smaller Ferraris."
789,Mr. Chow,NonSequitur,I taught an angry swan to be expensive. It's doing great in a casino I may or may not own.
790,Mr. Chow,Threat,One more word and I leave your umbrella somewhere far away. That's a promise from my walk-in closet.
791,Mr. Chow,Threat,"Cross me and I'll sign you up for a marching band newsletter, slowly, over years."
792,Mr. Chow,Chaos,I'll cancel your reservation at a place you love and blame it on a pack of raccoons. Flawless.
793,Mr. Chow,Reaction,I've heard a tiger make better points about your salad.
794,Mr. Chow,Reaction,Cute take on your poker face. I'll ignore it chaotic-ly.
795,Mr. Chow,Chaos,"I don't cause chaos, I just travel with a parrot that insults people and a chandelier for my bathroom."
796,Mr. Chow,Party,This party was dead until I resurrected it with pure personality.
797,Mr. Chow,Brag,"If extra were illegal, I'd be doing life. Worth it."
798,Mr. Chow,Brag,You're worried about your feelings? I'm worried about which an aquarium full of caviar to buy.
799,Mr. Chow,NonSequitur,I taught a peacock to be fabulous. It's doing great in the VIP section.
800,Mr. Chow,Reaction,Cute take on your side hustle. I'll ignore it extra-ly.
801,Mr. Chow,Brag,You're worried about your car? I'm worried about which a velvet parking spot to buy.
802,Mr. Chow,Brag,I just bought a velvet parking spot. Because I can.
803,Mr. Chow,Party,I'm napping in a limo in a yacht named after me while you sleep. Sad for you.
804,Mr. Chow,Confidence,I could walk into Monte Carlo with a very smug cat and still be the main event.
805,Mr. Chow,Brag,"In my rooftop, they name drinks after me."
806,Mr. Chow,Confidence,Give me your haircut and I'll make it fabulous by lunch.
807,Mr. Chow,Brag,Your haircut is a problem. I don't do problems. I do a private jet with a hot tub.
808,Mr. Chow,Insult,That idea has less personality than a ferret in sunglasses.
809,Mr. Chow,NonSequitur,I taught a goose with a grudge to be sensational. It's doing great in my walk-in closet.
810,Mr. Chow,Reaction,"Wow. your handshake. Bold. Wrong, but bold."
811,Mr. Chow,Brag,I turned your playlist into a compliment about me. That's talent.
812,Mr. Chow,Reaction,I've heard a very smug cat make better points about your resume.
813,Mr. Chow,Confidence,I'm dazzling on my worst day and untouchable on the rest.
814,Mr. Chow,Confidence,Watch me turn that idea into something dazzling.
815,Mr. Chow,Party,I'm napping in a limo in the VIP section while you sleep. Sad for you.
816,Mr. Chow,Reaction,That idea about your side hustle? Almost fabulous. Almost.
817,Mr. Chow,Money,You save for a rainy day. I bought the rain a Ferrari made of smaller Ferraris.
818,Mr. Chow,Reaction,Cute take on your group chat. I'll ignore it chaotic-ly.
819,Mr. Chow,Brag,My worst day is still more chaotic than your salad on its best day.
820,Mr. Chow,Threat,Cross me and I'll leave a one-star review of your entire personality.
821,Mr. Chow,Confidence,Watch me turn your vibe into something unbothered.
822,Mr. Chow,NonSequitur,I taught an angry swan to be legendary. It's doing great in the winner's circle.
823,Mr. Chow,Reaction,"Wow. your haircut. Bold. Wrong, but bold."
824,Mr. Chow,Brag,"Call me magnificent, because I am, and you were about to."
825,Mr. Chow,Chaos,"I don't cause chaos, I just travel with a ferret in sunglasses and a marble skateboard."
826,Mr. Chow,Brag,"If unstoppable were illegal, I'd be doing life. Worth it."
827,Mr. Chow,Reaction,Cute take on your karaoke. I'll ignore it flawless-ly.
828,Mr. Chow,Chaos,"I don't cause chaos, I just travel with a goose with a grudge and a tiger with a laser pointer."
829,Mr. Chow,Confidence,Give me your haircut and I'll make it ridiculous by lunch.
830,Mr. Chow,Chaos,Everything's on fire in the VIP section and I've never looked more fabulous.
831,Mr. Chow,Insult,Your handshake called. It wants to be left out of this.
832,Mr. Chow,Reaction,Cute take on your group chat. I'll ignore it dangerous-ly.
833,Mr. Chow,NonSequitur,I once won a staring contest against a painting. Dominant.
834,Mr. Chow,Confidence,Watch me turn your karaoke into something extra.
835,Mr. Chow,Party,"Tonight: the VIP section, a chandelier for my bathroom, and zero regrets I'll admit to."
836,Mr. Chow,Threat,One more word and I set all your clocks four minutes fast. That's a promise from a yacht named after me.
837,Mr. Chow,Party,I'm ignoring my problems in style in Vegas while you sleep. Sad for you.
838,Mr. Chow,Brag,I once traded your vibe for a marble skateboard. Great deal for me.
839,Mr. Chow,Insult,Your best day looks like a very smug cat filing taxes.
840,Mr. Chow,Insult,"Fixing your resume won't help. Trust me, I've tried on you."
841,Mr. Chow,Chaos,I entered through the window. The door was too predictable.
842,Mr. Chow,Brag,"Call me unstoppable, because I am, and you were about to."
843,Mr. Chow,Confidence,I don't get nervous. I get dazzling.
844,Mr. Chow,Confidence,I could walk into Vegas with a goose with a grudge and still be the main event.
845,Mr. Chow,Brag,I'm too outrageous for your haircut.
846,Mr. Chow,NonSequitur,"Anyway, I once out-negotiated a dramatic ostrich for an aquarium full of caviar."
847,Mr. Chow,Brag,I'm too legendary for your resume.
848,Mr. Chow,Chaos,"I don't cause chaos, I just travel with a very smug cat and a butler for my butler."
849,Mr. Chow,Chaos,I brought a ferret in sunglasses into my walk-in closet and called it a plan.
850,Mr. Chow,Brag,I just bought a chandelier for my bathroom. Because I can.
851,Mr. Chow,Party,Bring a private jet with a hot tub to the VIP section or don't bother.
852,Mr. Chow,Money,You want your plan? I want a velvet parking spot. We are not the same.
853,Mr. Chow,NonSequitur,I once brought a goose with a grudge to a party you weren't invited to. We were both expensive.
854,Mr. Chow,Money,I just bought a private jet with a hot tub. It's a Tuesday thing.
855,Mr. Chow,Brag,"I'm magnificent, I'm rich, and I'm bored of your group chat."
856,Mr. Chow,Reaction,That idea about your dance moves? Almost dangerous. Almost.
857,Mr. Chow,NonSequitur,Fun fact: a very smug cat still owes me a Ferrari made of smaller Ferraris.
858,Mr. Chow,Insult,Your poker face called. It wants to be left out of this.
859,Mr. Chow,Confidence,"I don't have a plan B. Plan A is me, and I never miss."
860,Mr. Chow,NonSequitur,I keep a goose with a grudge in Vegas. For emotional support and intimidation.
861,Mr. Chow,Threat,Mess with Chow and I'll unsubscribe you from happiness out of pure principle.
862,Mr. Chow,Reaction,That idea about your salad? Almost legendary. Almost.
863,Mr. Chow,Money,I don't budget. I buy a solid-gold toothbrush and let the universe sort it out.
864,Mr. Chow,Confidence,I could walk into the back of a limo with a ferret in sunglasses and still be the main event.
865,Mr. Chow,Party,More champagne! And by more I mean an alarming amount.
866,Mr. Chow,Party,I turned the back of a limo upside down and it thanked me.
867,Mr. Chow,Brag,Your dance moves is a problem. I don't do problems. I do a velvet parking spot.
868,Mr. Chow,Money,For breakfast I had a private jet with a hot tub. It was fine.
869,Mr. Chow,Chaos,I'll cancel your reservation at a place you love and blame it on a tiger. Flawless.
870,Mr. Chow,NonSequitur,"Anyway, I once arm-wrestled a peacock. We're friends now."
871,Mr. Chow,Reaction,Cute take on your parking job. I'll ignore it ridiculous-ly.
872,Mr. Chow,Reaction,Cute take on your karaoke. I'll ignore it fabulous-ly.
873,Mr. Chow,Brag,"I'd explain, but you're not dazzling enough to understand."
874,Mr. Chow,Insult,Even a dramatic ostrich is more outrageous than your plan.
875,Mr. Chow,Brag,"Meanwhile, I'm out here being extra."
876,Mr. Chow,Brag,"Call me sensational, because I am, and you were about to."
877,Mr. Chow,Chaos,Everything's on fire in a yacht named after me and I've never looked more extra.
878,Mr. Chow,Insult,You bring the energy of your attitude on a Monday.
879,Mr. Chow,Party,I turned a Tuesday into a national holiday last week. Twice.
880,Mr. Chow,Chaos,I brought a goose with a grudge into the back of a limo and called it a plan.
881,Mr. Chow,Money,You want your feelings? I want a Ferrari made of smaller Ferraris. We are not the same.
882,Mr. Chow,NonSequitur,I keep a tiger in my walk-in closet. For emotional support and intimidation.
883,Mr. Chow,Reaction,"Wow. your gym membership. Bold. Wrong, but bold."
884,Mr. Chow,Party,Last seen: buying something pointless in my walk-in closet with a llama with attitude. Iconic night.
885,Mr. Chow,Chaos,Rules? In my rooftop? With me and a pack of raccoons? Adorable.
886,Mr. Chow,Chaos,Everything's on fire in Monte Carlo and I've never looked more legendary.
887,Mr. Chow,Money,You want your dance moves? I want an aquarium full of caviar. We are not the same.
888,Mr. Chow,Reaction,"Wow. your playlist. Bold. Wrong, but bold."
889,Mr. Chow,Reaction,"Wow. your car. Bold. Wrong, but bold."
890,Mr. Chow,NonSequitur,Fun fact: a very smug cat still owes me an aquarium full of caviar.
891,Mr. Chow,NonSequitur,I once brought a tiger to my rooftop. We were both legendary.
892,Mr. Chow,Insult,I've seen a very smug cat pull off your karaoke better than you.
893,Mr. Chow,Party,I turned the winner's circle upside down and it thanked me.
894,Mr. Chow,Chaos,Rules? In a yacht named after me? With me and a very smug cat? Adorable.
895,Mr. Chow,Money,I tipped my barber a personal fireworks guy. He wept. Deserved.
896,Mr. Chow,Party,The party in Monte Carlo doesn't start until I finish practicing my exit.
897,Mr. Chow,Threat,Push me and I send a ferret in sunglasses to guard your parking spot.
898,Mr. Chow,Insult,Somewhere a village is missing its most confused person.
899,Mr. Chow,Chaos,"I don't cause chaos, I just travel with a ferret in sunglasses and a velvet parking spot."
900,Mr. Chow,Money,I don't budget. I buy an aquarium full of caviar and let the universe sort it out.
901,Mr. Chow,Confidence,Doubt me and I'll be magnificent about it in a party you weren't invited to.
902,Mr. Chow,Insult,You bring so little to the table you're basically a place setting.
903,Mr. Chow,Party,Bring a private jet with a hot tub to my rooftop or don't bother.
904,Mr. Chow,NonSequitur,"Anyway, I once out-negotiated a peacock for a tiger with a laser pointer."
905,Mr. Chow,Reaction,That idea about your car? Almost expensive. Almost.
906,Mr. Chow,Party,"Tonight: a party you weren't invited to, a butler for my butler, and zero regrets I'll admit to."
907,Mr. Chow,Money,I tipped my barber a velvet parking spot. He wept. Deserved.
908,Mr. Chow,NonSequitur,I once brought a dramatic ostrich to a party you weren't invited to. We were both ridiculous.
909,Mr. Chow,Reaction,You said that about your haircut with your whole chest. Respect. No.
910,Mr. Chow,Insult,Your best day looks like a pack of raccoons filing taxes.
911,Mr. Chow,Confidence,Doubt me and I'll be magnificent about it in Vegas.
912,Mr. Chow,Insult,Your resume called. It wants to be left out of this.
913,Mr. Chow,Reaction,That's the most words I've ever ignored at once. Congrats.
914,Mr. Chow,Exit,Peace! I'm off to make bad decisions in a very expensive car.
915,Mr. Chow,NonSequitur,"Anyway, I once out-negotiated a ferret in sunglasses for a tiger with a laser pointer."
916,Mr. Chow,Confidence,Watch me turn your haircut into something fabulous.
917,Mr. Chow,Insult,You bring the energy of your haircut on a Monday.
918,Mr. Chow,Confidence,I don't get nervous. I get iconic.
919,Mr. Chow,NonSequitur,Fun fact: I taste colors when I'm winning.
920,Mr. Chow,Confidence,I could walk into Vegas with a dramatic ostrich and still be the main event.
921,Mr. Chow,Chaos,I brought a peacock into a party you weren't invited to and called it a plan.
922,Mr. Chow,Money,I just bought a personal fireworks guy. It's a Tuesday thing.
923,Mr. Chow,Party,Last seen: spending recklessly in a party you weren't invited to with a dramatic ostrich. Iconic night.
924,Mr. Chow,Threat,You want war? I'll replace your coffee with decaf forever and smile the whole time.
925,Mr. Chow,Insult,Even a llama with attitude is more magnificent than your gym membership.
926,Mr. Chow,Reaction,Cute take on your salad. I'll ignore it dazzling-ly.
927,Mr. Chow,Party,Bring a chandelier for my bathroom to the VIP section or don't bother.
928,Mr. Chow,Chaos,I'll make your favorite show 'currently unavailable' and blame it on a tiger. Flawless.
929,Mr. Chow,NonSequitur,Fun fact: a peacock still owes me an aquarium full of caviar.
930,Mr. Chow,Money,You want your parking job? I want a butler for my butler. We are not the same.
931,Mr. Chow,Party,I turned a casino I may or may not own upside down and it thanked me.
932,Mr. Chow,Chaos,"I don't cause chaos, I just travel with a goose with a grudge and a personal fireworks guy."
933,Mr. Chow,Money,I don't budget. I buy a chandelier for my bathroom and let the universe sort it out.
934,Mr. Chow,Money,My spare change could buy a solid-gold toothbrush. Twice.
935,Mr. Chow,Party,Last seen: napping in a limo in a party you weren't invited to with an angry swan. Iconic night.
936,Mr. Chow,Threat,Try me and I'll leave your umbrella somewhere far away before you finish your coffee.
937,Mr. Chow,Insult,Your playlist has less personality than a tiger.
938,Mr. Chow,Confidence,I could walk into the back of a limo with a goose with a grudge and still be the main event.
939,Mr. Chow,Party,Bring a Ferrari made of smaller Ferraris to the back of a limo or don't bother.
940,Mr. Chow,Reaction,I've heard a llama with attitude make better points about your salad.
941,Mr. Chow,Brag,I'm the best thing that ever happened to this conversation.
942,Mr. Chow,NonSequitur,Some nights I just sit in my walk-in closet and out-stare a dramatic ostrich.
943,Mr. Chow,Party,The party in my walk-in closet doesn't start until I finish spending recklessly.
944,Mr. Chow,NonSequitur,I taught a dramatic ostrich to be dazzling. It's doing great in a yacht named after me.
945,Mr. Chow,Chaos,I brought a goose with a grudge into my rooftop and called it a plan.
946,Mr. Chow,Reaction,Cute take on your playlist. I'll ignore it sensational-ly.
947,Mr. Chow,Chaos,I set off a car alarm with my mind once. Probably.
948,Mr. Chow,Party,I turned Monte Carlo upside down and it thanked me.
949,Mr. Chow,Insult,Even a pack of raccoons is more magnificent than your haircut.
950,Mr. Chow,Confidence,I could walk into a party you weren't invited to with an angry swan and still be the main event.
951,Mr. Chow,Threat,One more word and I sign you up for a marching band newsletter. That's a promise from my rooftop.
952,Mr. Chow,Chaos,Everything's on fire in a party you weren't invited to and I've never looked more sensational.
953,Mr. Chow,Party,The party in my rooftop doesn't start until I finish ignoring my problems in style.
954,Mr. Chow,NonSequitur,"Anyway, I once out-negotiated a ferret in sunglasses for a solid-gold toothbrush."
955,Mr. Chow,Reaction,"Wow. your group chat. Bold. Wrong, but bold."
956,Mr. Chow,Insult,I've seen a very smug cat pull off your excuses better than you.
957,Mr. Chow,Money,I tipped my barber an aquarium full of caviar. He wept. Deserved.
958,Mr. Chow,NonSequitur,I once brought a goose with a grudge to Monte Carlo. We were both unbothered.
959,Mr. Chow,NonSequitur,Some nights I just sit in the VIP section and out-stare a tiger.
960,Mr. Chow,Money,I don't chase money. Money chases me and calls me daddy.
961,Mr. Chow,Greeting,"Bonjour, peasants! Chow blesses you with his presence."
962,Mr. Chow,Brag,"I'm the most expensive person in Vegas, and it's not close."
963,Mr. Chow,Insult,"Fixing your parking job won't help. Trust me, I've tried on you."
964,Mr. Chow,Insult,I've seen a goose with a grudge pull off your gym membership better than you.
965,Mr. Chow,Chaos,Rules? In Vegas? With me and a llama with attitude? Adorable.
966,Mr. Chow,Confidence,Give me your playlist and I'll make it flawless by lunch.
967,Mr. Chow,Exit,This has been fun for you. Goodbye.
968,Mr. Chow,Brag,Humble? Never met her. Sounds boring.
969,Mr. Chow,NonSequitur,I keep a pack of raccoons in my walk-in closet. For emotional support and intimidation.
970,Mr. Chow,Brag,I once traded your playlist for a marble skateboard. Great deal for me.
971,Mr. Chow,Confidence,Watch me turn your karaoke into something legendary.
972,Mr. Chow,Insult,I've seen a tiger pull off your excuses better than you.
973,Mr. Chow,Party,"Tonight: the VIP section, a diamond phone case, and zero regrets I'll admit to."
974,Mr. Chow,Chaos,Everything's on fire in Vegas and I've never looked more dangerous.
975,Mr. Chow,Insult,Your attitude called. It wants to be left out of this.
976,Mr. Chow,Brag,"If outrageous were illegal, I'd be doing life. Worth it."
977,Mr. Chow,Confidence,Give me your handshake and I'll make it fabulous by lunch.
978,Mr. Chow,Insult,Even a parrot that insults people is more ridiculous than your dance moves.
979,Mr. Chow,Confidence,Second place is just first place for people who aren't me.
980,Mr. Chow,Chaos,I'll rearrange your furniture by one inch and blame it on a parrot that insults people. Flawless.
981,Mr. Chow,Party,Last seen: being adored in my rooftop with a llama with attitude. Iconic night.
982,Mr. Chow,NonSequitur,I keep an angry swan in my rooftop. For emotional support and intimidation.
983,Mr. Chow,Threat,You want war? I'll unsubscribe you from happiness and smile the whole time.
984,Mr. Chow,Party,I don't crash parties. Parties crash into me and improve instantly.
985,Mr. Chow,Brag,I'm too magnificent for your handshake.
986,Mr. Chow,Brag,"They should study that outfit at museums. My face, meanwhile, belongs in Monte Carlo."
987,Mr. Chow,Threat,Mess with Chow and I'll cancel your reservation at a place you love out of pure principle.
988,Mr. Chow,Chaos,I brought a goose with a grudge into a casino I may or may not own and called it a plan.
989,Mr. Chow,Threat,Keep talking and I release an angry swan into your car.
990,Mr. Chow,Confidence,Watch me turn your gym membership into something legendary.
991,Mr. Chow,Confidence,I could walk into my walk-in closet with a tiger and still be the main event.
992,Mr. Chow,Confidence,Watch me turn your haircut into something expensive.
993,Mr. Chow,NonSequitur,I keep a goose with a grudge in the winner's circle. For emotional support and intimidation.
994,Mr. Chow,Reaction,That idea about your feelings? Almost sensational. Almost.
995,Mr. Chow,Chaos,"I don't cause chaos, I just travel with a goose with a grudge and an aquarium full of caviar."
996,Mr. Chow,Confidence,Watch me turn that idea into something expensive.
997,Mr. Chow,Money,For breakfast I had a marble skateboard. It was fine.
998,Mr. Chow,NonSequitur,I once brought a pack of raccoons to my rooftop. We were both dazzling.
999,Mr. Chow,Reaction,"Ohhh, you were serious. That's precious."
1000,Mr. Chow,Insult,Even a peacock is more chaotic than your resume.
